city,out_strength,in_strength,node_strength
City_A,1.3841845597943159,0.3317663817663817,1.7159509415606975
City_B,0.2740740740740741,1.0,1.2740740740740741
City_C,0.0576923076923076,0.3841845597943158,0.4418768674866234
